{"recipient":"+27616172455","messageId":"1257109095","message":"hello","hash":"12:0:HO"}
{"recipient":"+27785752702","messageId":"1133357883","message":"heyyyy","hash":"11:0:HY"}
{"recipient":"+27755752702","messageId":"1731847870","message":"kkkk","hash":"17:0:KK"}
{"recipient":"+27785752702","messageId":"1372369446","message":"hello","hash":"13:0:HO"}
{"recipient":"+27616172455","messageId":"1335949212","message":"heyy","hash":"13:0:HY"}
{"recipient":"+27785752702","messageId":"1443049791","message":"heyy","hash":"14:0:HY"}
{"recipient":"+27785752702","messageId":"1863103001","message":"hey","hash":"18:0:HY"}
{"recipient":"+27785752702","messageId":"1388389707","message":"heyy","hash":"13:0:HY"}
{"recipient":"+27785752702","messageId":"1677406146","message":"heee","hash":"16:0:HE"}
{"recipient":"+27785752702","messageId":"1210800955","message":"jeee","hash":"12:0:JE"}
{"recipient":"+27785752702","messageId":"1692066822","message":"heyy","hash":"16:0:HY"}
{"recipient":"+27785752702","messageId":"1280736945","message":"say","hash":"12:0:SY"}
{"recipient":"+27616172455","messageId":"1723291249","message":"ss","hash":"17:0:SS"}
